{"version":"3.0.1.150228","generatedAtUtc":"2026-03-14T13:28:49.799536+00:00","counts":{"items":2176,"craftableItems":1863,"categories":21,"recipes":2157,"stations":68,"queryTags":12,"tiers":674,"letterChunks":25}}