{"version":"3.0.0.150041","generatedAtUtc":"2026-03-06T17:55:55.382713+00:00","counts":{"items":2154,"craftableItems":1845,"categories":21,"recipes":2149,"stations":68,"queryTags":12,"tiers":673,"letterChunks":25}}