{"version":"3.0.0.150041","generatedAtUtc":"2026-03-07T02:03:57.045451+00:00","counts":{"items":2154,"craftableItems":1845,"categories":21,"recipes":2149,"stations":68,"queryTags":12,"tiers":673,"letterChunks":25}}